subject_id,subject_cluster,ref_cluster
599671,0,0
599671,1,1
599671,2,2
599671,3,3
937160,1,0
937160,3,1
937160,0,2
393550,0,0
393550,3,1
393550,2,2
393550,1,3
191942,1,0
191942,0,1
191942,2,2
454140,1,0
454140,3,1
454140,2,2
454140,0,3
835657,2,0
835657,3,1
835657,1,2
835657,0,3
101410,2,0
101410,0,1
101410,1,2
101410,3,3
677766,3,0
677766,0,1
677766,1,2
677766,2,3
901442,3,0
901442,1,1
901442,0,2
901442,2,3
211619,2,0
211619,3,1
211619,1,2
211619,0,3
195849,1,0
195849,0,1
195849,2,2
195849,3,3
173132,2,0
173132,1,1
173132,0,2
173132,3,3
177342,3,0
177342,2,1
177342,1,2
177342,0,3
771354,3,0
771354,2,1
771354,0,2
771354,1,3
378857,0,0
378857,1,1
378857,3,2
378857,2,3
622236,2,0
622236,3,1
622236,0,2
622236,1,3
207426,0,0
207426,1,1
207426,2,2
207426,3,3
130518,2,0
130518,1,1
130518,3,2
130518,0,3
172938,2,0
172938,3,1
172938,0,2
172938,1,3
318637,2,0
318637,3,1
318637,0,2
318637,1,3
117324,2,0
117324,0,1
117324,1,2
117324,3,3
352132,3,0
352132,1,1
352132,2,2
352132,0,3
397861,3,0
397861,1,1
397861,0,2
397861,2,3
109123,1,0
109123,0,1
109123,2,2
109123,3,3
152427,1,0
152427,3,1
152427,2,2
152427,0,3
239944,0,0
239944,3,1
239944,2,2
239944,1,3
131823,3,0
131823,1,1
131823,0,2
131823,2,3
120212,0,0
120212,3,1
120212,1,2
120212,2,3
285446,2,0
285446,0,1
285446,3,2
285446,1,3
192540,0,0
192540,1,1
192540,3,2
192540,2,3
198451,1,0
198451,2,1
198451,3,2
198451,0,3
211720,3,1
211720,1,2
211720,0,3
156536,2,1
156536,1,2
156536,0,3
160931,0,0
160931,3,1
160931,1,2
160931,2,3
695768,3,0
695768,1,1
695768,0,2
695768,2,3
146432,3,0
146432,1,1
146432,0,2
146432,2,3
597869,1,0
597869,3,1
597869,0,2
597869,2,3
214423,1,0
214423,2,2
214423,3,3
803240,3,0
803240,2,1
803240,1,2
803240,0,3
107018,2,0
107018,3,1
107018,1,2
107018,0,3
100206,2,0
100206,3,1
100206,1,2
100206,0,3
654754,0,0
654754,3,1
654754,2,2
654754,1,3
190031,2,0
190031,0,1
190031,3,2
190031,1,3
561444,1,0
561444,3,1
561444,2,2
561444,0,3
567052,3,0
567052,2,1
567052,1,2
567052,0,3
887373,0,0
887373,1,1
887373,3,2
887373,2,3
105923,2,0
105923,1,1
105923,0,2
105923,3,3
208125,1,0
208125,3,1
208125,2,2
208125,0,3
687163,0,0
687163,1,1
687163,3,2
687163,2,3
548250,3,0
548250,1,1
548250,0,2
548250,2,3
186040,2,0
186040,1,1
186040,0,2
186040,3,3
126325,2,0
126325,1,1
126325,3,2
126325,0,3
878776,2,0
878776,0,1
878776,3,2
878776,1,3
138130,1,0
138130,3,1
138130,2,2
138130,0,3
246133,2,0
246133,1,1
246133,0,2
246133,3,3
737960,0,0
737960,3,1
737960,1,2
737960,2,3
114823,0,0
114823,2,1
114823,3,2
114823,1,3
198249,3,0
198249,2,1
198249,1,2
198249,0,3
186848,2,0
186848,0,1
186848,3,2
186848,1,3
152831,1,0
152831,3,1
152831,2,2
152831,0,3
547046,2,0
547046,3,1
547046,1,2
547046,0,3
206525,0,0
206525,2,1
206525,1,2
206525,3,3
189349,1,0
189349,3,1
189349,0,2
189349,2,3
759869,0,0
759869,3,1
759869,1,2
759869,2,3
105014,3,0
105014,0,1
105014,2,2
105014,1,3
492754,1,0
492754,2,1
492754,3,2
492754,0,3
996782,1,0
996782,3,1
996782,0,2
996782,2,3
237334,0,0
237334,2,1
237334,1,2
237334,3,3
559457,2,0
559457,0,1
559457,3,2
559457,1,3
141422,1,0
141422,3,1
141422,0,2
141422,2,3
904044,1,0
904044,3,1
904044,0,2
904044,2,3
202820,1,0
202820,0,1
202820,2,2
202820,3,3
150726,3,0
150726,0,1
150726,2,2
150726,1,3
161327,1,0
161327,0,1
161327,2,2
161327,3,3
139637,0,0
139637,3,1
139637,1,2
139637,2,3
206222,3,0
206222,1,1
206222,0,2
206222,2,3
590047,2,0
590047,0,1
590047,1,2
590047,3,3
744553,2,0
744553,3,1
744553,1,2
744553,0,3
173738,0,0
173738,1,1
173738,2,2
173738,3,3
148840,0,0
148840,2,1
148840,3,2
148840,1,3
122317,2,0
122317,1,1
122317,3,2
122317,0,3
793465,3,0
793465,2,1
793465,0,2
793465,1,3
200917,2,0
200917,3,1
200917,1,2
200917,0,3
356948,1,0
356948,2,1
356948,3,2
356948,0,3
159138,2,0
159138,0,1
159138,1,2
159138,3,3
200210,0,0
200210,1,1
200210,3,2
200210,2,3
748662,1,0
748662,3,1
748662,0,2
748662,2,3
157437,0,0
157437,1,1
157437,3,2
157437,2,3
869472,0,0
869472,1,1
869472,3,2
869472,2,3
346137,2,0
346137,3,1
346137,1,2
346137,0,3
123824,2,0
123824,3,1
123824,1,2
123824,0,3
212419,0,0
212419,1,1
212419,3,2
212419,2,3
180836,2,0
180836,3,1
180836,0,2
180836,1,3
149741,0,0
149741,3,1
149741,1,2
149741,2,3
524135,0,0
524135,2,1
524135,3,2
524135,1,3
175742,0,0
175742,3,1
175742,2,2
175742,1,3
133928,1,0
133928,3,1
133928,2,2
133928,0,3
724446,2,0
724446,1,1
724446,0,2
685058,3,0
685058,0,1
685058,2,2
685058,1,3
927359,3,0
927359,2,1
927359,0,2
927359,1,3
110007,1,0
110007,3,1
110007,2,2
110007,0,3
130821,2,0
130821,1,1
130821,3,2
130821,0,3
151728,1,0
151728,3,1
151728,0,2
151728,2,3
748258,3,0
748258,2,1
748258,0,2
748258,1,3
145127,0,0
145127,1,1
145127,2,2
580347,0,0
580347,2,1
580347,3,2
580347,1,3
387959,1,0
387959,0,1
387959,3,2
387959,2,3
104012,2,0
104012,0,1
104012,3,2
104012,1,3
101915,1,0
101915,0,1
101915,2,2
101915,3,3
728454,0,0
728454,2,1
728454,3,2
728454,1,3
209127,3,0
209127,1,1
209127,0,2
209127,2,3
211922,0,0
211922,1,1
211922,2,2
211922,3,3
108222,1,0
108222,0,1
108222,2,2
108222,3,3
151829,3,0
151829,0,1
151829,1,2
151829,2,3
456346,2,0
456346,3,1
456346,1,2
456346,0,3
201111,1,0
201111,0,1
201111,2,2
201111,3,3
397760,3,0
397760,1,1
397760,0,2
397760,2,3
128935,2,0
128935,0,1
128935,1,2
128935,3,3
773257,3,0
773257,1,1
773257,0,2
773257,2,3
202113,3,0
202113,0,1
202113,2,2
202113,1,3
395958,0,0
395958,1,1
395958,2,2
395958,3,3
531536,1,0
531536,0,1
531536,3,2
531536,2,3
162733,3,0
162733,0,1
162733,1,2
162733,2,3
151324,1,0
151324,3,1
151324,2,2
151324,0,3
171330,2,0
171330,1,1
171330,0,2
171330,3,3
172130,1,0
172130,0,1
172130,3,2
172130,2,3
933253,0,0
933253,3,1
933253,2,2
933253,1,3
146331,2,0
146331,1,1
146331,0,2
146331,3,3
680250,1,0
680250,0,1
680250,3,2
680250,2,3
870861,3,0
870861,1,1
870861,0,2
870861,2,3
406432,2,0
406432,0,1
406432,1,2
406432,3,3
917558,3,0
917558,1,1
917558,0,2
917558,2,3
957974,3,0
957974,1,1
957974,2,2
957974,0,3
124220,0,0
124220,1,1
124220,3,2
124220,2,3
127933,1,0
127933,2,1
127933,0,2
127933,3,3
727654,3,0
727654,2,1
727654,0,2
727654,1,3
133827,3,0
133827,0,1
133827,2,2
133827,1,3
171431,3,0
171431,2,1
171431,0,2
171431,1,3
872158,3,0
872158,0,1
872158,2,2
872158,1,3
119732,0,0
119732,3,1
119732,2,2
119732,1,3
905147,2,0
905147,1,1
905147,3,2
905147,0,3
135528,2,0
135528,3,1
135528,1,2
135528,0,3
725751,0,0
725751,2,1
725751,1,2
725751,3,3
562446,3,0
562446,2,1
562446,0,2
562446,1,3
211821,2,0
211821,3,1
211821,0,2
211821,1,3
257542,3,0
257542,2,1
257542,1,2
257542,0,3
896879,1,0
896879,0,1
896879,2,2
896879,3,3
774663,3,0
774663,2,1
774663,0,2
774663,1,3
112819,1,0
112819,2,1
112819,3,2
112819,0,3
802844,3,0
802844,1,1
802844,2,2
802844,0,3
837964,2,0
837964,1,1
837964,0,2
837964,3,3
760551,0,0
760551,1,1
760551,2,2
760551,3,3
380036,1,0
380036,0,1
380036,3,2
380036,2,3
412528,2,0
412528,3,1
412528,1,2
412528,0,3
195647,2,0
195647,3,1
195647,1,2
891667,3,0
891667,2,1
891667,0,2
891667,1,3
140117,3,0
140117,0,1
140117,2,2
140117,1,3
286650,2,0
286650,0,1
286650,1,2
286650,3,3
131419,1,0
131419,0,1
131419,2,2
131419,3,3
123117,0,0
123117,1,1
123117,3,2
123117,2,3
165941,2,0
165941,0,1
165941,1,2
165941,3,3
552241,0,1
552241,1,2
552241,3,3
368753,1,0
368753,3,1
368753,2,2
368753,0,3
644246,1,0
644246,0,1
644246,3,2
644246,2,3
392447,0,0
392447,3,1
392447,2,2
392447,1,3
275645,2,0
275645,0,1
275645,1,2
275645,3,3
174841,1,0
174841,2,1
174841,3,2
174841,0,3
147737,2,0
147737,1,1
147737,3,2
147737,0,3
193845,0,0
193845,3,1
193845,1,2
193845,2,3
191437,3,0
191437,0,1
191437,2,2
191437,1,3
135124,3,0
135124,1,1
135124,0,2
135124,2,3
191336,0,0
191336,1,1
191336,3,2
191336,2,3
810439,0,0
810439,3,1
810439,2,2
810439,1,3
588565,1,0
588565,0,1
588565,3,2
588565,2,3
788674,1,0
788674,3,1
788674,2,2
486759,1,0
486759,2,1
486759,3,2
486759,0,3
188347,3,0
188347,1,1
188347,2,2
188347,0,3
351938,2,0
351938,0,1
351938,1,2
351938,3,3
149539,2,0
149539,0,1
149539,1,2
753150,2,0
753150,0,1
753150,3,2
753150,1,3
160729,1,0
160729,0,1
160729,2,2
160729,3,3
148133,3,0
148133,0,1
148133,1,2
148133,2,3
386250,1,0
386250,3,1
386250,0,2
386250,2,3
800941,2,0
800941,1,1
800941,0,2
800941,3,3
103010,3,0
103010,1,1
103010,2,2
103010,0,3
753251,3,0
753251,0,1
753251,2,2
753251,1,3
352738,1,0
352738,2,1
352738,0,2
352738,3,3
144125,0,0
144125,1,1
144125,2,2
144125,3,3
199453,3,0
199453,1,1
199453,0,2
199453,2,3
901038,3,0
901038,0,1
901038,1,2
901038,2,3
365343,1,0
365343,0,1
365343,3,2
365343,2,3
122418,3,0
122418,0,1
122418,1,2
122418,2,3
193239,3,0
193239,0,1
193239,2,2
884064,1,0
884064,0,1
884064,3,2
884064,2,3
177746,1,0
177746,3,1
177746,2,2
177746,0,3
749361,2,0
749361,0,1
749361,3,2
749361,1,3
181131,2,0
181131,0,1
181131,3,2
181131,1,3
173940,0,0
173940,1,1
173940,2,2
173940,3,3
214221,3,0
214221,1,1
214221,2,2
214221,0,3
175035,0,0
175035,3,1
175035,2,2
175035,1,3
355239,0,0
355239,3,1
355239,2,2
355239,1,3
115825,1,0
115825,2,1
115825,3,2
115825,0,3
154936,1,0
154936,2,1
154936,0,2
154936,3,3
579867,2,0
579867,3,1
579867,1,2
579867,0,3
164131,3,0
164131,0,1
164131,2,2
164131,1,3
185947,1,0
185947,2,1
185947,0,2
185947,3,3
124826,0,0
124826,1,1
124826,2,2
124826,3,3
480141,1,0
480141,3,1
480141,0,2
480141,2,3
143325,2,0
143325,3,1
143325,1,2
143325,0,3
856766,2,0
856766,3,1
856766,0,2
856766,1,3
809252,3,0
809252,0,1
809252,1,2
809252,2,3
453441,3,0
453441,2,1
453441,0,2
453441,1,3
194847,1,0
194847,0,1
194847,3,2
194847,2,3
163836,1,0
163836,3,1
163836,2,2
163836,0,3
599065,3,0
599065,0,1
599065,2,2
599065,1,3
123420,0,0
123420,2,1
123420,3,2
123420,1,3
168745,0,0
168745,1,1
168745,3,2
168745,2,3
290136,1,0
290136,3,1
290136,2,2
290136,0,3
513736,1,0
513736,0,1
513736,2,2
513736,3,3
382242,0,0
382242,1,1
382242,3,2
382242,2,3
308129,0,0
308129,3,1
308129,2,2
308129,1,3
305830,2,0
305830,1,1
305830,0,2
305830,3,3
341834,3,0
341834,0,1
341834,1,2
341834,2,3
165436,0,0
165436,2,1
165436,1,2
165436,3,3
578057,1,0
578057,2,1
578057,3,2
756055,3,0
756055,0,1
756055,2,2
756055,1,3
567961,0,0
567961,3,1
567961,1,2
567961,2,3
120111,3,0
120111,1,1
120111,0,2
120111,2,3
209834,0,0
209834,2,1
209834,3,2
209834,1,3
707749,3,0
707749,2,1
707749,1,2
707749,0,3
871964,3,0
871964,2,1
871964,1,2
871964,0,3
541640,0,0
541640,1,1
541640,3,2
541640,2,3
161832,2,0
161832,1,1
161832,0,2
161832,3,3
195041,1,0
195041,0,1
195041,3,2
195041,2,3
102816,2,0
102816,3,1
102816,1,2
102816,0,3
475855,2,0
475855,0,1
475855,1,2
475855,3,3
485757,2,0
485757,3,1
485757,0,2
485757,1,3
146634,0,0
146634,1,1
146634,2,2
146634,3,3
561949,1,0
561949,0,1
561949,3,2
561949,2,3
734045,2,0
734045,0,1
734045,1,2
734045,3,3
573451,0,0
573451,2,1
573451,1,2
573451,3,3
175338,0,0
175338,3,1
175338,1,2
175338,2,3
433839,2,0
433839,3,1
433839,0,2
433839,1,3
191033,0,0
191033,3,1
191033,2,2
191033,1,3
926862,3,0
926862,2,1
926862,0,2
153934,2,0
153934,0,1
153934,3,2
153934,1,3
930449,3,0
930449,1,1
930449,0,2
930449,2,3
530635,2,0
530635,1,1
530635,0,2
530635,3,3
199958,0,0
199958,3,1
199958,2,2
199958,1,3
566454,1,0
566454,3,1
566454,0,2
566454,2,3
205220,2,0
205220,3,1
205220,0,2
119833,0,0
119833,1,1
119833,2,2
119833,3,3
557857,2,0
557857,3,1
557857,1,2
557857,0,3
919966,2,0
919966,0,1
919966,1,2
919966,3,3
107422,1,0
107422,0,1
107422,2,2
133625,3,1
133625,1,2
176744,1,0
176744,0,1
176744,3,2
176744,2,3
146735,1,0
146735,2,1
146735,0,2
146735,3,3
571144,0,0
571144,2,1
571144,1,2
571144,3,3
169545,2,0
169545,1,1
169545,3,2
169545,0,3
153833,3,0
153833,0,1
153833,2,2
153833,1,3
623844,1,0
623844,2,1
623844,3,2
623844,0,3
204016,0,0
204016,1,1
204016,3,2
204016,2,3
211215,0,0
211215,2,1
211215,1,2
211215,3,3
199655,0,0
199655,1,1
199655,2,2
199655,3,3
381543,2,0
381543,0,1
381543,1,2
381543,3,3
179346,3,0
179346,2,1
179346,0,2
179346,1,3
149842,3,0
149842,1,1
149842,0,2
149842,2,3
112516,2,0
112516,1,1
112516,0,2
112516,3,3
212015,3,0
212015,0,1
212015,1,2
212015,2,3
561242,2,0
561242,3,1
561242,1,2
561242,0,3
672756,1,0
672756,2,1
672756,3,2
139839,2,0
139839,3,1
139839,0,2
139839,1,3
668361,0,0
668361,2,1
668361,1,2
668361,3,3
298051,3,0
298051,0,1
298051,2,2
298051,1,3
111211,2,0
111211,0,1
111211,3,2
111211,1,3
158338,2,0
158338,0,1
158338,1,2
158338,3,3
169343,1,0
169343,2,1
169343,3,2
211316,2,0
211316,3,1
211316,1,2
211316,0,3
207123,3,0
207123,0,1
207123,2,2
207123,1,3
601127,3,0
601127,0,1
601127,1,2
601127,2,3
104416,1,0
104416,2,1
104416,0,2
104416,3,3
146836,1,0
146836,2,1
146836,0,2
146836,3,3
558960,1,0
558960,0,1
558960,2,2
558960,3,3
105115,0,1
105115,1,2
105115,3,3
581450,1,0
581450,3,1
581450,2,2
581450,0,3
715041,2,0
715041,1,1
715041,0,2
715041,3,3
159340,3,0
159340,2,1
159340,0,2
159340,1,3
132118,3,0
132118,1,1
132118,2,2
132118,0,3
137633,1,0
137633,0,1
137633,2,2
137633,3,3
112920,2,0
112920,0,1
112920,1,2
112920,3,3
192843,3,0
192843,0,1
192843,1,2
192843,2,3
134223,2,0
134223,3,1
134223,0,2
134223,1,3
115219,1,0
115219,3,1
115219,2,2
115219,0,3
178950,2,0
178950,0,1
178950,3,2
178950,1,3
123925,1,0
123925,0,1
123925,3,2
123925,2,3
187345,1,0
187345,0,1
187345,3,2
187345,2,3
106824,1,0
106824,2,1
106824,3,2
106824,0,3
825048,2,0
825048,1,1
825048,0,2
825048,3,3
130013,1,0
130013,3,1
130013,0,2
130013,2,3
970764,1,0
970764,3,1
970764,0,2
970764,2,3
124422,0,0
124422,3,1
124422,1,2
124422,2,3
951457,0,0
951457,2,1
951457,1,2
951457,3,3
134021,1,0
134021,3,1
134021,2,2
167036,3,0
167036,2,1
167036,0,2
167036,1,3
173334,2,0
173334,1,1
173334,0,2
165032,0,0
165032,3,1
165032,2,2
165032,1,3
251833,1,0
251833,0,1
251833,2,2
251833,3,3
116221,2,0
116221,1,1
116221,3,2
116221,0,3
441939,1,0
441939,3,1
441939,0,2
441939,2,3
692964,1,0
692964,3,1
692964,2,2
692964,0,3
971160,3,0
971160,0,1
971160,2,2
971160,1,3
770352,3,0
770352,1,1
770352,2,2
770352,0,3
371843,1,0
371843,0,1
371843,3,2
371843,2,3
115017,2,0
115017,3,1
115017,0,2
115017,1,3
159946,0,0
159946,2,1
159946,1,2
159946,3,3
111312,1,0
111312,3,1
111312,2,2
111312,0,3
965367,1,0
965367,3,1
965367,2,2
965367,0,3
929464,1,0
929464,0,1
929464,2,2
929464,3,3
212116,2,0
212116,0,1
212116,1,2
212116,3,3
138332,2,0
138332,3,1
138332,1,2
138332,0,3
146533,0,0
146533,1,1
146533,3,2
146533,2,3
200311,3,0
200311,1,1
200311,2,2
200311,0,3
647858,0,0
647858,3,1
647858,1,2
647858,2,3
186444,3,0
186444,1,1
186444,2,2
186444,0,3
308331,1,0
308331,3,1
308331,2,2
308331,0,3
789373,2,0
789373,0,1
789373,3,2
789373,1,3
529549,3,0
529549,0,1
529549,1,2
529549,2,3
101006,3,0
101006,1,1
101006,0,2
101006,2,3
415837,2,0
415837,1,1
415837,0,2
415837,3,3
922854,3,0
922854,0,1
922854,2,2
922854,1,3
116524,2,0
116524,1,1
116524,3,2
116524,0,3
124624,3,0
124624,0,1
124624,2,2
124624,1,3
147030,0,0
147030,1,1
147030,2,2
147030,3,3
693461,2,0
693461,3,1
693461,0,2
693461,1,3
553344,1,0
553344,3,1
553344,0,2
211417,0,0
211417,2,1
211417,3,2
211417,1,3
613538,1,0
613538,0,1
613538,2,2
613538,3,3
117930,3,0
117930,0,1
117930,2,2
117930,1,3
888678,0,0
888678,1,1
888678,2,2
888678,3,3
298455,0,0
298455,2,1
298455,1,2
298455,3,3
448347,2,0
448347,1,1
448347,0,2
448347,3,3
698168,2,0
698168,1,1
698168,3,2
698168,0,3
872562,2,0
872562,0,1
872562,3,2
872562,1,3
131924,0,0
131924,2,1
131924,1,2
131924,3,3
117122,1,0
117122,2,1
117122,3,2
117122,0,3
154734,3,0
154734,2,1
154734,0,2
154734,1,3
212823,2,0
212823,1,1
212823,0,2
212823,3,3
529953,1,0
529953,2,1
529953,0,2
529953,3,3
350330,0,0
350330,2,1
350330,1,2
350330,3,3
178849,3,0
178849,0,1
178849,1,2
178849,2,3
286347,1,0
286347,0,1
286347,2,2
286347,3,3
162329,2,0
162329,1,1
162329,0,2
162329,3,3
579665,0,0
579665,2,1
579665,3,2
579665,1,3
189652,2,0
189652,0,1
189652,3,2
189652,1,3
173536,1,0
173536,0,1
173536,3,2
173536,2,3
187547,2,0
187547,1,1
187547,3,2
187547,0,3
984472,0,0
984472,2,1
984472,3,2
984472,1,3
585256,0,0
585256,1,1
585256,3,2
585256,2,3
198855,1,0
198855,3,1
198855,2,2
198855,0,3
121921,2,0
121921,3,1
121921,1,2
657659,3,0
657659,2,1
657659,1,2
657659,0,3
585862,0,0
585862,2,1
585862,3,2
585862,1,3
792564,1,0
792564,2,1
792564,3,2
792564,0,3
195950,3,0
195950,1,1
195950,2,2
195950,0,3
320826,3,0
320826,2,1
320826,0,2
320826,1,3
540436,2,0
540436,3,1
540436,0,2
540436,1,3
991267,0,0
991267,1,1
991267,3,2
991267,2,3
196750,3,0
196750,2,1
196750,1,2
196750,0,3
972566,1,0
972566,3,1
972566,2,2
972566,0,3
307127,1,0
307127,3,1
307127,2,2
307127,0,3
182739,2,0
182739,0,1
182739,1,2
182739,3,3
826353,2,0
826353,0,1
826353,3,2
826353,1,3
849971,3,0
849971,0,1
849971,1,2
849971,2,3
562345,1,0
562345,0,1
562345,2,2
562345,3,3
638049,1,0
638049,3,1
638049,2,2
197651,0,0
197651,2,1
197651,1,2
197651,3,3
339847,0,0
339847,2,1
339847,3,2
339847,1,3
151930,3,0
151930,1,1
151930,0,2
151930,2,3
113316,3,0
113316,2,1
113316,1,2
113316,0,3
127731,3,0
127731,2,1
127731,1,2
127731,0,3
293748,1,0
293748,3,1
293748,0,2
825553,0,0
825553,2,1
825553,1,2
825553,3,3
138837,3,0
138837,0,1
138837,2,2
138837,1,3
792867,2,0
792867,0,1
792867,1,2
792867,3,3
923755,3,0
923755,1,1
923755,2,2
923755,0,3
592455,0,0
592455,1,1
592455,3,2
592455,2,3
113821,1,0
113821,3,1
113821,2,2
113821,0,3
191235,2,0
191235,0,1
191235,3,2
191235,1,3
559053,3,0
559053,0,1
559053,2,2
559053,1,3
325129,3,0
325129,1,1
325129,0,2
325129,2,3
804646,3,0
804646,1,1
804646,0,2
804646,2,3
614439,0,0
614439,1,1
614439,3,2
614439,2,3
757764,2,0
757764,1,1
757764,3,2
757764,0,3
995174,3,0
995174,0,1
995174,1,2
995174,2,3
510225,3,0
510225,0,1
510225,1,2
510225,2,3
161630,0,0
161630,3,1
161630,2,2
161630,1,3
185442,3,0
185442,2,1
185442,1,2
185442,0,3
395251,3,0
395251,1,1
395251,0,2
389357,3,0
389357,1,1
389357,2,2
389357,0,3
249947,1,0
249947,3,1
249947,0,2
249947,2,3
580044,0,0
580044,2,1
580044,1,2
580044,3,3
303119,1,0
303119,0,1
303119,2,2
303119,3,3
871762,1,0
871762,0,1
871762,2,2
871762,3,3
517239,2,0
517239,1,1
517239,0,2
878877,3,0
878877,2,1
878877,0,2
878877,1,3
130720,2,0
130720,3,1
130720,0,2
130720,1,3
715950,2,0
715950,3,1
715950,1,2
715950,0,3
128026,3,0
128026,2,1
128026,0,2
162026,3,0
162026,1,1
162026,0,2
162026,2,3
196851,3,0
196851,1,1
196851,0,2
196851,2,3
101107,0,0
101107,1,1
101107,2,2
101107,3,3
228434,1,0
228434,0,1
228434,3,2
228434,2,3
749058,1,0
749058,2,1
749058,3,2
749058,0,3
857263,3,0
857263,2,1
857263,0,2
857263,1,3
767464,0,0
767464,3,1
767464,2,2
767464,1,3
137027,3,0
137027,2,1
137027,1,2
137027,0,3
209329,3,0
209329,2,1
209329,1,2
209329,0,3
459453,1,0
459453,3,1
459453,0,2
459453,2,3
151526,0,0
151526,1,1
151526,3,2
151526,2,3
873968,1,0
873968,0,1
873968,3,2
720337,1,0
720337,3,1
720337,0,2
720337,2,3
392750,2,0
392750,1,1
392750,3,2
392750,0,3
118528,2,0
118528,1,1
118528,0,2
118528,3,3
361941,3,0
361941,1,1
361941,0,2
361941,2,3
908860,1,0
908860,3,1
908860,0,2
908860,2,3
644044,1,0
644044,2,1
644044,3,2
644044,0,3
461743,0,0
461743,3,1
461743,2,2
461743,1,3
256540,3,0
256540,1,1
256540,2,2
256540,0,3
912447,0,0
912447,1,1
912447,2,2
912447,3,3
820745,0,0
820745,3,1
820745,1,2
820745,2,3
144226,1,1
144226,2,2
144226,3,3
814548,2,0
814548,1,1
814548,0,2
814548,3,3
992774,1,0
992774,3,1
992774,2,2
992774,0,3
153631,1,0
153631,2,1
153631,3,2
153631,0,3
316633,2,0
316633,1,1
316633,0,2
316633,3,3
133019,3,0
133019,2,1
133019,0,2
133019,1,3
248238,2,0
248238,0,1
248238,1,2
248238,3,3
153732,0,0
153732,3,1
153732,2,2
153732,1,3
815247,0,0
815247,1,1
815247,3,2
815247,2,3
116726,1,0
116726,0,1
116726,3,2
116726,2,3
188145,2,0
188145,0,1
188145,3,2
188145,1,3
165638,2,0
165638,3,1
165638,0,2
165638,1,3
837560,2,0
837560,1,1
837560,0,2
837560,3,3
867468,3,0
867468,2,1
867468,1,2
867468,0,3
123723,3,0
123723,1,1
123723,2,2
123723,0,3
130316,3,0
130316,1,1
130316,0,2
130316,2,3
360030,3,0
360030,1,1
360030,2,2
360030,0,3
100307,1,0
100307,2,1
100307,3,2
100307,0,3
153429,1,0
153429,3,1
153429,2,2
153429,0,3
211114,3,0
211114,1,1
211114,2,2
211114,0,3
727553,3,0
727553,1,1
727553,0,2
727553,2,3
245333,2,0
245333,3,1
245333,1,2
245333,0,3
196346,3,0
196346,2,1
196346,1,2
196346,0,3
169949,3,0
169949,1,1
169949,2,2
169949,0,3
255740,1,0
255740,2,1
255740,3,2
255740,0,3
901139,1,0
901139,0,1
901139,2,2
901139,3,3
663755,3,0
663755,1,1
663755,2,2
663755,0,3
896778,0,0
896778,3,1
896778,1,2
896778,2,3
208327,0,0
208327,1,1
208327,2,2
208327,3,3
469961,1,0
469961,2,1
469961,0,2
469961,3,3
783462,2,0
783462,0,1
783462,3,2
436845,3,0
436845,2,1
436845,0,2
436845,1,3
481042,3,0
481042,1,1
481042,0,2
481042,2,3
140319,0,0
140319,3,1
140319,2,2
140319,1,3
571548,2,0
571548,3,1
571548,0,2
571548,1,3
766563,2,0
766563,1,1
766563,3,2
766563,0,3
129028,3,0
129028,0,1
129028,2,2
129028,1,3
227432,3,0
227432,2,1
227432,0,2
227432,1,3
300719,2,0
300719,1,1
300719,0,2
300719,3,3
126628,3,0
126628,2,1
126628,0,2
126628,1,3
128632,1,0
128632,0,1
128632,3,2
128632,2,3
342129,3,0
342129,1,1
342129,2,2
342129,0,3
555954,1,0
555954,3,1
555954,0,2
555954,2,3
134829,2,0
134829,3,1
134829,0,2
134829,1,3
172635,2,0
172635,0,1
172635,1,2
172635,3,3
973770,3,0
973770,1,1
973770,0,2
973770,2,3
349244,3,0
349244,0,1
349244,2,2
349244,1,3
210011,1,0
210011,3,1
210011,0,2
210011,2,3
314225,1,0
314225,0,1
314225,2,2
314225,3,3
882161,3,0
882161,2,1
882161,0,2
882161,1,3
210112,2,0
210112,1,1
210112,3,2
210112,0,3
289555,0,0
289555,2,1
289555,3,2
289555,1,3
303624,0,0
303624,2,1
303624,3,2
162228,0,0
162228,2,1
162228,3,2
162228,1,3
569965,2,0
569965,3,1
569965,1,2
569965,0,3
227533,3,0
227533,1,1
227533,0,2
227533,2,3
136833,0,0
136833,1,1
136833,3,2
136833,2,3
512835,2,0
512835,3,1
512835,1,2
512835,0,3
751550,1,0
751550,3,1
751550,0,2
751550,2,3
173637,1,0
173637,3,1
173637,2,2
173637,0,3
500222,2,0
500222,3,1
500222,0,2
500222,1,3
735148,2,0
735148,3,1
735148,1,2
735148,0,3
257946,0,0
257946,1,1
257946,2,2
257946,3,3
788876,3,0
788876,0,1
788876,1,2
788876,2,3
114419,3,0
114419,1,1
114419,0,2
114419,2,3
188751,0,0
188751,3,1
188751,2,2
188751,1,3
204319,2,0
204319,0,1
204319,1,2
204319,3,3
210415,3,0
210415,1,1
210415,0,2
210415,2,3
414229,2,0
414229,1,1
414229,3,2
414229,0,3
617748,1,0
617748,2,1
617748,3,2
617748,0,3
178748,2,0
178748,0,1
178748,3,2
178748,1,3
181636,1,0
181636,3,1
181636,2,2
181636,0,3
158843,2,0
158843,1,1
158843,0,2
158843,3,3
205119,3,0
205119,0,1
205119,1,2
205119,2,3
248339,2,0
248339,3,1
248339,1,2
248339,0,3
713239,3,0
713239,0,1
713239,1,2
713239,2,3
111009,1,0
111009,0,1
111009,2,2
111009,3,3
812746,2,0
812746,3,1
812746,1,2
812746,0,3
120414,0,0
120414,2,1
120414,3,2
120414,1,3
135629,0,0
135629,3,1
135629,2,2
135629,1,3
172433,3,0
172433,1,1
172433,2,2
172433,0,3
115724,1,0
115724,0,1
115724,3,2
115724,2,3
589567,2,0
589567,0,1
589567,1,2
589567,3,3
177241,1,0
177241,2,1
177241,3,2
177241,0,3
123521,0,0
123521,2,1
123521,1,2
123521,3,3
127327,1,0
127327,0,1
127327,2,2
127327,3,3
150928,2,0
150928,0,1
150928,1,2
598568,0,0
598568,3,1
598568,2,2
598568,1,3
136631,2,0
136631,1,1
136631,3,2
136631,0,3
204521,3,0
204521,0,1
204521,2,2
204521,1,3
994273,3,0
994273,0,1
994273,2,2
994273,1,3
101309,0,0
101309,1,1
101309,2,2
101309,3,3
114116,1,0
114116,2,1
114116,0,2
114116,3,3
987074,0,0
987074,3,1
987074,2,2
987074,1,3
955465,2,0
955465,0,1
955465,3,2
955465,1,3
114621,1,0
114621,3,1
114621,0,2
114621,2,3
214726,0,0
214726,1,1
214726,3,2
214726,2,3
176239,1,0
176239,0,1
176239,2,2
176239,3,3
164939,1,0
164939,3,1
164939,2,2
164939,0,3
525541,3,0
525541,1,1
525541,0,2
525541,2,3
353740,0,0
353740,1,1
353740,3,2
353740,2,3
177140,3,0
177140,1,1
177140,2,2
177140,0,3
151223,2,0
151223,3,1
151223,0,2
151223,1,3
104820,2,0
104820,0,1
104820,1,2
104820,3,3
178647,0,0
178647,2,1
178647,3,2
368551,2,0
368551,3,1
368551,1,2
368551,0,3
111514,0,0
111514,2,1
111514,3,2
111514,1,3
635245,1,0
635245,3,1
635245,2,2
635245,0,3
899885,1,0
899885,3,1
899885,0,2
899885,2,3
204218,0,0
204218,2,1
204218,3,2
204218,1,3
709551,3,0
709551,1,1
709551,2,2
709551,0,3
146129,1,0
146129,2,1
146129,3,2
146129,0,3
200513,3,0
200513,2,1
200513,0,2
153025,1,0
153025,0,1
153025,3,2
153025,2,3
202719,3,0
202719,0,1
202719,2,2
202719,1,3
317332,2,0
317332,0,1
317332,1,2
317332,3,3
333330,2,0
333330,0,1
333330,3,2
333330,1,3
268850,2,0
268850,1,1
268850,3,2
268850,0,3
769064,2,1
769064,3,2
769064,0,3
136126,0,0
136126,1,1
136126,2,2
136126,3,3
479762,1,0
479762,2,1
479762,3,2
479762,0,3
513130,1,0
513130,0,1
513130,3,2
513130,2,3
626648,3,0
626648,0,1
626648,2,2
626648,1,3
322224,3,0
322224,2,1
322224,0,2
195445,1,0
195445,2,1
195445,0,2
195445,3,3
583858,0,0
583858,3,1
583858,1,2
583858,2,3
983773,2,0
983773,0,1
983773,3,2
983773,1,3
671855,2,0
671855,0,1
671855,1,2
671855,3,3
321323,1,0
321323,2,1
321323,0,2
321323,3,3
299154,1,0
299154,0,1
299154,2,2
299154,3,3
154835,2,0
154835,0,1
154835,3,2
154835,1,3
952863,1,0
952863,2,1
952863,0,2
952863,3,3
199150,1,0
199150,0,1
199150,3,2
199150,2,3
578158,0,0
578158,1,1
578158,2,2
578158,3,3
173839,0,0
173839,3,1
173839,1,2
173839,2,3
192237,0,0
192237,3,1
192237,1,2
192237,2,3
130114,1,0
130114,0,1
130114,3,2
130114,2,3
199352,3,0
199352,2,1
199352,1,2
656657,1,0
656657,0,1
656657,2,2
656657,3,3
120717,3,0
120717,2,1
120717,1,2
176441,0,0
176441,3,1
176441,2,2
176441,1,3
186545,2,0
186545,1,1
186545,0,2
186545,3,3
274542,1,0
274542,3,1
274542,2,2
274542,0,3
139435,2,0
139435,3,1
139435,0,2
139435,1,3
268749,2,0
268749,0,1
268749,1,2
268749,3,3
150625,2,0
150625,1,1
150625,0,2
150625,3,3
784565,0,0
784565,3,1
784565,1,2
784565,2,3
134425,0,0
134425,2,1
134425,3,2
134425,1,3
217429,3,0
217429,1,1
217429,0,2
217429,2,3
192136,0,0
192136,1,1
192136,2,2
192136,3,3
176542,1,0
176542,0,1
176542,2,2
176542,3,3
212318,1,0
212318,0,1
212318,2,2
212318,3,3
424939,0,0
424939,1,1
424939,3,2
424939,2,3
182840,2,0
182840,1,1
182840,3,2
182840,0,3
679770,3,0
679770,2,1
679770,1,2
679770,0,3
179245,3,0
179245,0,1
179245,2,2
179245,1,3
683256,3,0
683256,2,1
683256,1,2
683256,0,3
107725,2,0
107725,1,1
107725,3,2
107725,0,3
128127,3,0
128127,0,1
128127,1,2
128127,2,3
729254,0,0
729254,3,1
729254,2,2
729254,1,3
102109,0,0
102109,1,1
102109,3,2
102109,2,3
481951,1,0
481951,3,1
481951,0,2
481951,2,3
990366,0,0
990366,2,1
990366,3,2
990366,1,3
849264,1,0
849264,0,1
849264,3,2
849264,2,3
250932,2,0
250932,1,1
250932,0,2
250932,3,3
965771,3,0
965771,1,1
965771,0,2
965771,2,3
175237,2,0
175237,0,1
175237,1,2
175237,3,3
628248,2,0
628248,1,1
628248,3,2
628248,0,3
947668,3,0
947668,0,1
947668,1,2
947668,2,3
113922,0,0
113922,3,1
113922,1,2
113922,2,3
143830,3,0
143830,0,1
143830,2,2
143830,1,3
523032,0,0
523032,2,1
523032,1,2
523032,3,3
213522,2,0
213522,3,1
213522,0,2
213522,1,3
686969,1,0
686969,2,1
686969,3,2
686969,0,3
704238,2,0
704238,1,1
704238,3,2
704238,0,3
213017,3,0
213017,2,1
213017,0,2
213017,1,3
656253,3,0
656253,1,1
656253,0,2
656253,2,3
467351,3,0
467351,1,1
467351,0,2
467351,2,3
153227,3,0
153227,0,1
153227,2,2
153227,1,3
654552,3,0
654552,1,1
654552,0,2
654552,2,3
151425,0,0
151425,1,1
151425,3,2
151425,2,3
198047,0,0
198047,1,1
198047,3,2
198047,2,3
180230,2,0
180230,1,1
180230,3,2
180230,0,3
567759,2,0
567759,1,1
567759,0,2
567759,3,3
885975,3,0
885975,1,1
885975,2,2
885975,0,3
135932,1,0
135932,0,1
135932,2,2
135932,3,3
121618,1,0
121618,0,1
121618,2,2
121618,3,3
208226,2,0
208226,3,1
208226,0,2
208226,1,3
159239,1,0
159239,2,1
159239,0,2
159239,3,3
206323,3,0
206323,2,1
206323,1,2
206323,0,3
108323,0,0
108323,3,1
108323,2,2
108323,1,3
138231,3,1
138231,1,2
138231,0,3
765056,2,0
765056,3,1
765056,1,2
765056,0,3
182032,3,0
182032,1,1
182032,2,2
182032,0,3
179952,0,0
179952,1,1
179952,3,2
179952,2,3
917255,0,0
917255,2,1
917255,3,2
917255,1,3
330324,2,0
330324,0,1
330324,3,2
330324,1,3
203418,0,0
203418,3,1
203418,2,2
203418,1,3
250427,3,0
250427,0,1
250427,1,2
250427,2,3
176845,2,0
176845,3,1
176845,0,2
176845,1,3
196144,3,0
196144,1,1
196144,0,2
196144,2,3
401422,1,0
401422,2,1
401422,3,2
401422,0,3
150019,0,0
150019,3,1
150019,1,2
150019,2,3
723141,1,0
723141,2,1
723141,0,2
723141,3,3
187850,3,0
187850,2,1
187850,1,2
187850,0,3
127630,1,0
127630,3,1
127630,0,2
127630,2,3
109830,3,0
109830,1,1
109830,0,2
109830,2,3
173233,0,0
173233,3,1
173233,2,2
173233,1,3
413934,3,0
413934,1,1
413934,2,2
413934,0,3
634748,1,0
634748,0,1
634748,2,2
634748,3,3
680957,1,0
680957,2,1
680957,3,2
680957,0,3
203923,0,0
203923,2,1
203923,1,2
203923,3,3
284646,2,0
284646,1,1
284646,3,2
284646,0,3
833249,0,0
833249,1,1
833249,3,2
833249,2,3
989987,3,0
989987,1,1
989987,0,2
989987,2,3
522434,1,0
522434,0,1
522434,3,2
522434,2,3
114318,0,0
114318,1,1
114318,2,2
114318,3,3
154229,1,0
154229,2,1
154229,0,2
154229,3,3
688569,1,0
688569,2,1
688569,3,2
688569,0,3
115320,3,0
115320,2,1
115320,0,2
115320,1,3
390645,3,0
390645,0,1
390645,1,2
390645,2,3
942658,0,0
942658,2,1
942658,1,2
942658,3,3
604537,3,0
604537,1,1
604537,0,2
565452,0,0
565452,1,1
565452,2,2
565452,3,3
611938,2,0
611938,1,1
611938,0,2
611938,3,3
164030,2,0
164030,1,1
164030,3,2
164030,0,3
495255,3,0
495255,1,1
495255,2,2
495255,0,3
660951,0,0
660951,1,1
660951,3,2
660951,2,3
151021,3,0
151021,0,1
151021,2,2
151021,1,3
519647,3,0
519647,1,1
519647,2,2
519647,0,3
158035,0,0
158035,2,1
158035,1,2
158035,3,3
304727,2,0
304727,3,1
304727,0,2
304727,1,3
694362,0,0
694362,2,1
694362,3,2
694362,1,3
139233,3,0
139233,0,1
139233,2,2
139233,1,3
201818,1,0
201818,2,1
201818,0,2
201818,3,3
645450,2,0
645450,0,1
645450,1,2
645450,3,3
189450,0,0
189450,1,1
189450,2,2
189450,3,3
120515,1,0
120515,3,1
120515,0,2
120515,2,3
334635,3,0
334635,1,1
334635,2,2
334635,0,3
110613,2,0
110613,1,1
110613,3,2
110613,0,3
111413,3,0
111413,2,1
111413,1,2
111413,0,3
206727,0,0
206727,3,1
206727,1,2
206727,2,3
148436,2,0
148436,1,1
148436,3,2
148436,0,3
827052,3,0
827052,1,1
827052,2,2
827052,0,3
127226,0,0
127226,2,1
127226,1,2
127226,3,3
429040,2,0
429040,0,1
429040,3,2
429040,1,3
894067,0,0
894067,1,1
894067,3,2
894067,2,3
119025,2,1
119025,3,2
119025,1,3
205725,1,0
205725,2,1
205725,0,2
205725,3,3
987983,0,0
987983,1,1
987983,2,2
987983,3,3
171532,0,0
171532,3,1
171532,2,2
171532,1,3
118023,2,0
118023,0,1
118023,3,2
118023,1,3
310621,1,0
310621,2,1
310621,0,2
310621,3,3
205826,3,0
205826,2,1
205826,1,2
205826,0,3
969476,2,0
969476,3,1
969476,1,2
969476,0,3
877168,0,0
877168,1,1
877168,2,2
877168,3,3
145632,3,0
145632,0,1
145632,1,2
145632,2,3
180129,0,0
180129,3,1
180129,2,2
180129,1,3
558657,3,0
558657,1,1
558657,2,2
558657,0,3
473952,3,0
473952,1,1
473952,0,2
473952,2,3
283543,1,0
283543,2,1
283543,3,2
283543,0,3
751348,2,0
751348,3,1
751348,1,2
751348,0,3
144731,0,0
144731,3,1
144731,1,2
144731,2,3
782561,0,0
782561,3,1
782561,1,2
782561,2,3
183337,0,0
183337,3,1
183337,2,2
183337,1,3
118932,0,0
118932,2,1
118932,3,2
118932,1,3
599469,3,0
599469,0,1
599469,2,2
599469,1,3
463040,3,0
463040,0,1
463040,1,2
463040,2,3
677968,0,0
677968,2,1
677968,1,2
677968,3,3
432332,3,0
432332,1,1
432332,0,2
432332,2,3
702133,1,0
702133,3,1
702133,0,2
702133,2,3
172534,2,0
172534,3,1
172534,0,2
172534,1,3
210617,3,0
210617,2,1
210617,1,2
210617,0,3
377451,3,0
377451,1,1
377451,2,2
377451,0,3
160123,2,0
160123,1,1
160123,0,2
160123,3,3
886674,2,0
886674,3,1
886674,1,2
886674,0,3
729557,3,0
729557,0,1
729557,1,2
729557,2,3
221319,3,0
221319,0,1
221319,1,2
221319,2,3
304020,0,0
304020,3,1
304020,1,2
304020,2,3
108525,0,0
108525,2,1
108525,3,2
108525,1,3
161731,2,0
161731,3,1
161731,0,2
161731,1,3
231928,1,0
231928,2,1
231928,0,2
231928,3,3
192035,3,0
192035,0,1
192035,2,2
192035,1,3
167743,1,0
167743,0,1
167743,2,2
167743,3,3
792766,0,0
792766,3,1
792766,2,2
792766,1,3
497865,3,0
497865,1,1
497865,0,2
497865,2,3
183034,2,0
183034,1,1
183034,3,2
183034,0,3
131217,2,0
131217,3,1
131217,0,2
131217,1,3
204420,3,0
204420,0,1
204420,1,2
204420,2,3
208630,1,0
208630,2,1
208630,0,2
208630,3,3
761957,1,0
761957,3,1
761957,2,2
761957,0,3
157942,2,0
157942,0,1
157942,1,2
157942,3,3
877269,2,0
877269,3,1
877269,1,2
877269,0,3
316835,0,0
316835,2,1
316835,3,2
316835,1,3
136732,2,0
136732,0,1
136732,1,2
136732,3,3
107321,1,0
107321,3,1
107321,0,2
932554,2,0
932554,3,1
932554,0,2
932554,1,3
348545,2,1
348545,3,2
348545,0,3
149236,2,0
149236,1,1
149236,0,2
149236,3,3
145834,3,0
145834,2,1
145834,1,2
145834,0,3
287248,2,0
287248,1,1
287248,0,2
287248,3,3
130619,3,0
130619,2,1
130619,0,2
130619,1,3
137936,1,0
137936,2,1
137936,0,2
137936,3,3
856463,2,0
856463,3,1
856463,1,2
856463,0,3
113215,2,0
113215,0,1
113215,3,2
113215,1,3
673455,0,0
673455,3,1
673455,1,2
673455,2,3
140925,0,0
140925,3,1
140925,2,2
140925,1,3
175540,2,0
175540,3,1
175540,1,2
175540,0,3
100610,0,0
100610,3,1
100610,2,2
100610,1,3
175439,3,0
175439,0,1
175439,2,2
175439,1,3
910241,2,0
910241,1,1
910241,0,2
910241,3,3
665254,2,0
665254,0,1
665254,3,2
665254,1,3
118225,0,0
118225,3,1
118225,2,2
118225,1,3
159744,0,0
159744,2,1
159744,3,2
159744,1,3
168341,3,0
168341,1,1
168341,0,2
168341,2,3
167238,0,0
167238,2,1
167238,3,2
167238,1,3
114217,0,0
114217,3,1
114217,2,2
114217,1,3
465852,2,0
465852,1,1
465852,0,2
465852,3,3
894673,0,0
894673,1,1
894673,3,2
894673,2,3
257845,0,0
257845,2,1
257845,3,2
257845,1,3
281135,3,0
281135,2,1
281135,0,2
281135,1,3
943862,2,0
943862,3,1
943862,1,2
943862,0,3
381038,1,0
381038,2,1
381038,3,2
381038,0,3
586460,3,0
586460,0,1
586460,2,2
586460,1,3
102513,0,0
102513,1,1
102513,3,2
102513,2,3
165840,1,0
165840,0,1
165840,2,2
165840,3,3
134627,3,0
134627,1,1
134627,0,2
134627,2,3
568963,2,0
568963,0,1
568963,3,2
568963,1,3
158136,1,0
158136,3,1
158136,2,2
158136,0,3
169747,2,0
169747,3,1
169747,1,2
169747,0,3
137431,1,0
137431,2,1
137431,0,2
137431,3,3
742549,2,0
742549,0,1
742549,1,2
742549,3,3
880157,2,0
880157,0,1
880157,1,2
880157,3,3
192439,2,0
192439,3,1
192439,0,2
192439,1,3
178243,3,0
178243,0,1
178243,1,2
178243,2,3
816653,1,0
816653,3,1
816653,2,2
816653,0,3
810843,2,0
810843,3,1
810843,0,2
810843,1,3
105216,0,0
105216,2,1
105216,1,2
105216,3,3
135730,3,0
135730,1,1
135730,2,2
135730,0,3
209935,1,0
209935,0,1
209935,3,2
209935,2,3
667056,3,0
667056,1,1
667056,2,2
667056,0,3
140824,2,0
140824,3,1
140824,0,2
140824,1,3
201414,3,0
201414,0,1
201414,1,2
201414,2,3
208024,3,0
208024,0,1
208024,1,2
208024,2,3
715647,0,0
715647,2,1
715647,3,2
715647,1,3
172029,3,0
172029,0,1
172029,2,2
172029,1,3
541943,2,0
541943,3,1
541943,0,2
541943,1,3
108121,3,0
108121,1,1
108121,2,2
108121,0,3
841349,0,0
841349,1,1
841349,3,2
841349,2,3
154532,3,0
154532,2,1
154532,1,2
154532,0,3
172332,2,0
172332,3,1
172332,0,2
172332,1,3
378756,2,0
378756,3,1
378756,1,2
378756,0,3
156334,1,0
156334,2,1
156334,0,2
156334,3,3
106319,2,0
106319,0,1
106319,3,2
106319,1,3
536647,3,0
536647,0,1
536647,2,2
536647,1,3
166640,1,0
166640,3,1
166640,0,2
166640,2,3
194443,2,0
194443,1,1
194443,0,2
194443,3,3
129331,2,0
129331,3,1
129331,1,2
129331,0,3
141826,0,0
141826,2,1
141826,1,2
141826,3,3
141119,2,0
141119,3,1
141119,1,2
141119,0,3
391748,3,0
391748,0,1
391748,2,2
391748,1,3
518746,0,0
518746,2,1
518746,3,2
518746,1,3
376247,2,0
376247,1,1
376247,3,2
376247,0,3
499566,3,0
499566,2,1
499566,1,2
499566,0,3
627852,3,0
627852,0,1
627852,2,2
627852,1,3
158540,2,0
158540,0,1
158540,3,2
158540,1,3
178142,3,0
178142,0,1
178142,2,2
178142,1,3
111716,2,0
111716,0,1
111716,3,2
111716,1,3
180937,0,0
180937,1,1
180937,3,2
180937,2,3
177645,0,0
177645,1,1
177645,2,2
177645,3,3
576255,1,0
576255,0,1
576255,3,2
576255,2,3
675661,3,0
675661,1,1
675661,0,2
675661,2,3
280941,1,0
280941,0,1
280941,3,2
280941,2,3
859671,0,0
859671,3,1
859671,1,2
859671,2,3
519950,3,0
519950,2,1
519950,1,2
519950,0,3
151627,0,0
151627,1,1
151627,3,2
151627,2,3
285345,3,0
285345,0,1
285345,1,2
285345,2,3
555348,0,0
555348,1,1
555348,2,2
555348,3,3
206828,1,0
206828,3,1
206828,0,2
206828,2,3
894774,3,0
894774,1,1
894774,2,2
894774,0,3
701535,1,0
701535,0,1
701535,3,2
701535,2,3
148941,3,0
148941,1,1
148941,0,2
148941,2,3
180432,1,0
180432,3,1
180432,2,2
180432,0,3
126426,2,0
126426,3,1
126426,1,2
126426,0,3
173435,2,0
173435,1,1
173435,0,2
173435,3,3
993675,0,0
993675,1,1
993675,2,2
993675,3,3
506234,0,0
506234,3,1
506234,1,2
506234,2,3
129634,1,0
129634,3,1
129634,2,2
129634,0,3
155938,3,0
155938,0,1
155938,1,2
155938,2,3
194645,0,0
194645,1,1
194645,3,2
194645,2,3
358144,3,0
358144,1,1
358144,0,2
358144,2,3
140420,3,0
140420,1,1
140420,0,2
140420,2,3
213421,3,0
213421,1,1
213421,2,2
213421,0,3
188448,2,0
188448,1,1
188448,0,2
188448,3,3
468050,0,0
468050,1,1
468050,2,2
468050,3,3
106016,2,0
106016,0,1
106016,1,2
106016,3,3
121719,3,0
121719,2,1
121719,0,2
121719,1,3
700634,1,0
700634,2,1
700634,3,2
700634,0,3
169040,0,0
169040,3,1
169040,2,2
169040,1,3
200614,2,0
200614,1,1
200614,0,2
200614,3,3
118124,0,0
118124,1,1
118124,2,2
118124,3,3
852455,3,0
852455,2,1
852455,0,2
852455,1,3
164636,1,0
164636,0,1
164636,3,2
164636,2,3
130922,2,0
130922,1,1
130922,0,2
130922,3,3
129129,1,0
129129,0,1
129129,2,2
129129,3,3
154330,0,0
154330,3,1
154330,1,2
154330,2,3
167440,0,0
167440,2,1
167440,1,2
167440,3,3
856968,3,0
856968,1,1
856968,2,2
856968,0,3
902242,1,0
902242,3,1
902242,2,2
902242,0,3
118831,0,0
118831,3,1
118831,1,2
118831,2,3
238033,0,0
238033,2,1
238033,3,2
238033,1,3
149337,2,0
149337,3,1
149337,0,2
149337,1,3
828862,0,0
828862,3,1
828862,1,2
828862,2,3
270332,1,0
270332,3,1
270332,0,2
270332,2,3
978578,0,0
978578,3,1
978578,2,2
978578,1,3
911849,0,0
911849,1,1
911849,3,2
911849,2,3
155635,3,0
155635,0,1
155635,1,2
155635,2,3
209228,3,0
209228,0,1
209228,1,2
209228,2,3
191841,3,0
191841,2,1
191841,1,2
191841,0,3
300618,2,0
300618,1,1
300618,0,2
300618,3,3
311320,1,0
311320,0,1
311320,3,2
311320,2,3
198350,3,0
198350,0,1
198350,1,2
198350,2,3
309636,3,0
309636,1,1
309636,2,2
309636,0,3
113619,2,0
113619,1,1
113619,3,2
113619,0,3
910443,3,0
910443,2,1
910443,1,2
910443,0,3
160830,0,0
160830,2,1
160830,1,2
160830,3,3
826454,1,0
826454,2,1
826454,3,2
826454,0,3
299760,1,0
299760,0,1
299760,3,2
299760,2,3
366446,3,0
366446,0,1
366446,2,2
366446,1,3
168139,2,0
168139,1,1
168139,0,2
168139,3,3
186141,2,0
186141,3,1
186141,1,2
186141,0,3
130417,1,0
130417,0,1
130417,3,2
130417,2,3
148335,0,0
148335,3,1
148335,1,2
148335,2,3
180735,3,0
180735,1,1
180735,2,2
180735,0,3
832651,2,0
832651,0,1
832651,1,2
832651,3,3
295146,3,0
295146,1,1
295146,0,2
295146,2,3
196952,0,0
196952,1,1
196952,2,2
196952,3,3
125525,1,0
125525,2,1
125525,3,2
125525,0,3
979984,3,0
979984,1,1
979984,2,2
979984,0,3
120010,1,0
120010,2,1
120010,3,2
120010,0,3
206929,3,0
206929,0,1
206929,1,2
206929,2,3
690152,1,0
690152,2,1
690152,0,2
690152,3,3
119126,3,0
119126,1,1
119126,2,2
119126,0,3
198653,3,0
198653,0,1
198653,2,2
198653,1,3
336841,3,0
336841,1,1
336841,2,2
336841,0,3
144428,1,0
144428,3,1
144428,2,2
144428,0,3
152225,1,0
152225,0,1
152225,3,2
152225,2,3
180533,1,0
180533,2,1
180533,3,2
180533,0,3
843151,1,0
843151,3,1
843151,2,2
843151,0,3
132017,3,0
132017,0,1
132017,2,2
132017,1,3
116423,3,0
116423,0,1
116423,1,2
116423,2,3
861456,2,0
861456,1,1
861456,3,2
861456,0,3
163129,2,0
163129,0,1
163129,3,2
163129,1,3
510326,3,0
510326,0,1
510326,1,2
510326,2,3
103414,3,0
103414,0,1
103414,2,2
103414,1,3
531940,1,0
531940,2,1
531940,3,2
531940,0,3
453542,2,0
453542,1,1
453542,0,2
453542,3,3
204622,2,0
204622,0,1
204622,3,2
204622,1,3
214625,1,0
214625,3,1
214625,2,2
214625,0,3
214524,2,0
214524,3,1
214524,0,2
214524,1,3
445543,1,0
445543,3,1
445543,0,2
445543,2,3
136227,1,0
136227,0,1
136227,3,2
136227,2,3
818455,3,0
818455,0,1
818455,2,2
818455,1,3
395756,1,0
395756,3,1
395756,2,2
395756,0,3
393247,0,0
393247,2,1
393247,1,2
393247,3,3
844961,3,0
844961,1,1
844961,0,2
844961,2,3
112314,1,0
112314,0,1
112314,3,2
112314,2,3
118730,1,0
118730,3,1
118730,0,2
118730,2,3
263436,1,0
263436,0,1
263436,2,2
263436,3,3
103212,0,0
103212,1,1
103212,3,2
103212,2,3
175136,0,0
175136,3,1
175136,1,2
175136,2,3
992673,2,0
992673,0,1
992673,1,2
992673,3,3
394956,3,0
394956,0,1
394956,2,2
394956,1,3
143224,1,0
143224,2,1
143224,3,2
143224,0,3
572045,0,0
572045,1,1
572045,3,2
572045,2,3
108828,2,0
108828,3,1
108828,0,2
108828,1,3
105620,3,0
105620,1,1
105620,0,2
105620,2,3
183741,2,0
183741,1,1
183741,3,2
183741,0,3
135225,2,0
135225,1,1
135225,0,2
129937,3,0
129937,1,1
129937,0,2
129937,2,3
366042,0,0
366042,3,1
366042,2,2
366042,1,3
872764,3,0
872764,2,1
872764,1,2
872764,0,3
159441,3,0
159441,1,1
159441,0,2
159441,2,3
156435,3,0
156435,2,1
156435,0,2
163432,1,0
163432,3,1
163432,2,2
163432,0,3
185139,2,0
185139,1,1
185139,0,2
185139,3,3
150524,3,0
150524,0,1
150524,2,2
150524,1,3
197550,1,0
197550,0,1
197550,3,2
197550,2,3
182436,1,0
182436,2,1
182436,3,2
182436,0,3
137532,2,0
137532,0,1
137532,1,2
137532,3,3
706040,2,0
706040,0,1
706040,3,2
706040,1,3
192641,3,0
192641,2,1
192641,1,2
192641,0,3
103818,1,0
103818,2,1
103818,3,2
103818,0,3
615744,1,0
615744,3,1
615744,0,2
615744,2,3
545345,3,0
545345,0,1
545345,1,2
545345,2,3
680452,3,0
680452,0,1
680452,1,2
680452,2,3
645551,2,0
645551,3,1
645551,0,2
397154,3,0
397154,1,1
397154,0,2
397154,2,3
385450,3,0
385450,1,1
385450,0,2
385450,2,3
594156,1,0
594156,2,1
594156,3,2
594156,0,3
144933,3,0
144933,1,1
144933,2,2
144933,0,3
732243,3,0
732243,2,1
732243,0,2
732243,1,3
779370,3,0
779370,1,1
779370,0,2
779370,2,3
169444,3,0
169444,0,1
169444,1,2
169444,2,3
137229,1,0
137229,0,1
137229,3,2
137229,2,3
462139,1,0
462139,0,1
462139,3,2
462139,2,3
255639,1,0
255639,0,1
255639,2,2
255639,3,3
200008,0,0
200008,3,1
200008,1,2
200008,2,3
654350,2,0
654350,1,1
654350,0,2
654350,3,3
581349,0,0
581349,1,1
581349,2,2
581349,3,3
962058,1,0
962058,2,1
962058,3,2
962058,0,3
197348,1,0
197348,2,1
197348,0,2
197348,3,3
907656,2,0
907656,0,1
907656,3,2
907656,1,3
131722,2,0
131722,3,1
131722,0,2
131722,1,3
236130,2,0
236130,3,1
236130,0,2
236130,1,3
516742,2,0
516742,3,1
516742,1,2
516742,0,3
362034,0,0
362034,1,1
362034,2,2
362034,3,3
615441,3,0
615441,1,1
615441,2,2
615441,0,3
385046,3,0
385046,0,1
385046,1,2
385046,2,3
297655,2,0
297655,0,1
297655,1,2
297655,3,3
174437,1,0
174437,2,1
174437,3,2
174437,0,3
889579,2,0
889579,0,1
889579,1,2
889579,3,3
679568,3,0
679568,2,1
679568,1,2
679568,0,3
125222,0,0
125222,1,1
125222,2,2
125222,3,3
786569,3,0
786569,0,1
786569,2,2
786569,1,3
693764,1,0
693764,2,1
693764,3,2
693764,0,3
705341,1,0
705341,3,1
705341,0,2
705341,2,3
818859,0,0
818859,1,1
818859,3,2
818859,2,3
185846,0,0
185846,3,1
185846,2,2
185846,1,3
449753,0,0
449753,2,1
449753,1,2
449753,3,3
763557,0,0
763557,2,1
763557,1,2
763557,3,3
521331,0,0
521331,1,1
521331,2,2
521331,3,3
102311,1,0
102311,3,1
102311,2,2
102311,0,3
121416,0,0
121416,3,1
121416,2,2
170934,3,0
170934,2,1
170934,1,2
170934,0,3
346945,0,0
346945,3,1
346945,2,2
346945,1,3
814649,0,0
814649,1,1
814649,3,2
814649,2,3
166438,1,0
166438,2,1
166438,0,2
166438,3,3
422632,3,0
422632,2,1
422632,0,2
422632,1,3
620434,3,0
620434,0,1
620434,2,2
620434,1,3
280739,2,0
280739,3,1
280739,0,2
280739,1,3
627549,0,0
627549,3,1
627549,2,2
627549,1,3
162935,1,0
162935,3,1
162935,2,2
162935,0,3
421226,3,0
421226,0,1
421226,1,2
421226,2,3
212217,3,0
212217,0,1
212217,2,2
212217,1,3
142828,0,0
142828,1,1
142828,3,2
142828,2,3
153126,0,0
153126,3,1
153126,1,2
153126,2,3
329440,2,0
329440,3,1
329440,0,2
329440,1,3
219231,3,0
219231,2,1
219231,1,2
219231,0,3
765864,1,0
765864,3,1
765864,0,2
765864,2,3
329844,3,0
329844,1,1
329844,0,2
329844,2,3
156637,2,0
156637,0,1
156637,3,2
156637,1,3
194140,0,0
194140,2,1
194140,1,2
194140,3,3
958976,2,0
958976,1,1
958976,3,2
958976,0,3
616645,2,0
616645,1,1
616645,3,2
616645,0,3
220721,3,0
220721,1,1
220721,2,2
220721,0,3
102614,3,0
102614,1,1
102614,2,2
102614,0,3
865363,0,0
865363,3,1
865363,1,2
865363,2,3
419239,0,1
419239,1,2
419239,2,3
898176,1,1
898176,0,2
898176,2,3
550439,2,0
550439,1,1
550439,0,2
550439,3,3
148032,3,0
148032,2,1
148032,1,2
148032,0,3
147636,0,0
147636,1,1
147636,3,2
147636,2,3
208428,3,0
208428,2,1
208428,1,2
208428,0,3
171633,1,0
171633,0,1
171633,3,2
171633,2,3
103111,1,0
103111,3,1
103111,0,2
103111,2,3
179548,3,0
179548,1,1
179548,2,2
179548,0,3
436239,3,0
436239,2,1
436239,1,2
436239,0,3
157336,3,0
157336,2,1
157336,0,2
157336,1,3
580751,1,0
580751,3,1
580751,2,2
580751,0,3
201515,1,0
201515,0,1
201515,3,2
201515,2,3
154431,1,0
154431,3,1
154431,0,2
154431,2,3
163331,3,0
163331,0,1
163331,2,2
163331,1,3
176037,0,0
176037,2,1
176037,1,2
176037,3,3
103515,2,0
103515,0,1
103515,1,2
103515,3,3
127832,0,0
127832,1,1
127832,2,2
127832,3,3
122620,3,0
122620,1,1
122620,2,2
122620,0,3
155231,3,0
155231,0,1
155231,1,2
155231,2,3
144832,2,0
144832,0,1
144832,3,2
144832,1,3
137128,2,0
137128,3,1
137128,1,2
137128,0,3
224022,0,0
224022,1,1
224022,3,2
224022,2,3
966975,2,0
966975,1,1
966975,3,2
966975,0,3
187143,0,0
187143,2,1
187143,1,2
187143,3,3
825654,0,0
825654,3,1
825654,1,2
825654,2,3
833148,3,0
833148,2,1
833148,0,2
833148,1,3
609143,2,0
609143,3,1
609143,0,2
609143,1,3
193441,3,0
193441,1,1
193441,0,2
193441,2,3
106521,3,0
106521,0,1
106521,2,2
106521,1,3
845458,1,0
845458,0,1
845458,3,2
845458,2,3
361234,2,1
361234,0,2
361234,1,3
406836,0,0
406836,2,1
406836,3,2
406836,1,3
117021,2,0
117021,1,1
117021,0,2
117021,3,3
102008,3,0
102008,2,1
102008,0,2
102008,1,3
194746,0,0
194746,2,1
194746,3,2
194746,1,3
959574,0,0
959574,3,1
959574,1,2
959574,2,3
214019,0,0
214019,1,1
214019,3,2
214019,2,3
102715,2,0
102715,0,1
102715,1,2
102715,3,3
122822,1,0
122822,3,1
122822,0,2
122822,2,3
138534,0,0
138534,3,1
138534,2,2
138534,1,3
112112,0,0
112112,3,1
112112,1,2
112112,2,3
555651,3,0
555651,0,1
555651,2,2
555651,1,3
110411,3,0
110411,0,1
110411,1,2
110411,2,3
580650,0,0
580650,2,1
580650,3,2
580650,1,3
633847,0,0
633847,1,1
633847,2,2
633847,3,3
233326,0,0
233326,1,1
233326,2,2
233326,3,3
156031,1,0
156031,3,1
156031,2,2
156031,0,3
379657,1,0
379657,0,1
379657,2,2
379657,3,3
185341,1,0
185341,2,1
185341,0,2
520228,3,0
520228,2,1
520228,1,2
520228,0,3
217126,2,0
217126,3,1
217126,1,2
217126,0,3
664757,2,0
664757,0,1
664757,1,2
664757,3,3
156233,3,0
156233,2,1
156233,1,2
156233,0,3
200109,3,0
200109,2,1
200109,0,2
200109,1,3
188549,0,0
188549,2,1
188549,3,2
188549,1,3
570243,2,0
570243,3,1
570243,0,2
570243,1,3
731140,2,0
731140,3,1
731140,0,2
731140,1,3
587664,2,0
587664,1,1
587664,0,2
587664,3,3
185038,3,0
185038,0,1
185038,2,2
185038,1,3
100408,0,0
100408,3,1
100408,2,2
100408,1,3
134324,0,0
134324,2,1
134324,3,2
134324,1,3
573249,2,0
573249,3,1
573249,0,2
573249,1,3
143426,2,0
143426,0,1
143426,3,2
143426,1,3
108020,0,0
108020,1,1
108020,3,2
108020,2,3
618952,2,0
618952,0,1
618952,3,2
618952,1,3
134728,2,0
134728,3,1
134728,0,2
134728,1,3
